Question,Answer
What is digital lending?,"Digital lending is the process of applying for, receiving, and repaying loans through online platforms, without visiting physical banks."
What are the interest rates for digital loans in Cambodia?,"Interest rates vary by lender, loan amount, and borrower profile but typically range from 1% to 30% per annum."
Are digital loans regulated by Cambodian authorities?,"Yes, digital lending is regulated by the National Bank of Cambodia, ensuring fair practices and consumer protection."
Who can apply for a digital loan in Cambodia?,"Anyone meeting the lender's eligibility criteria, typically including age and income requirements, can apply."
What happens if I fail to repay my digital loan?,"Failure to repay can lead to late fees, credit score reduction, and legal action in extreme cases."
Is collateral required for digital loans?,"Most digital loans do not require collateral, but some high-value loans may need additional security."
How can I verify if a digital lender is legitimate?,Borrowers should verify a lender’s license through the National Bank of Cambodia and check user reviews.
Can I apply for multiple digital loans at the same time?,"It depends on the lender’s policies; some allow multiple loans, while others restrict borrowers to one at a time."
What are the requirements for a digital loan application?,"Applicants usually need a valid ID, proof of income, and sometimes business registration documents."
How is the loan amount disbursed?,Loan amounts are usually transferred directly to a borrower’s mobile wallet or bank account.
How long does it take to get loan approval?,"Approval times vary, but some platforms approve loans within minutes, while others may take a few days."
Which platforms offer digital lending services in Cambodia?,"Popular platforms in Cambodia include Wing Bank, Boost Capital, and other fintech services."
How does my credit score affect digital loan approval?,"A good credit score increases loan approval chances and may lead to lower interest rates, while a low score may result in rejection."
Are there risks associated with digital lending?,"Risks include high-interest rates, fraud, and data privacy concerns, so borrowers should research lenders carefully."
What are the repayment options for digital loans?,"Repayments can be made through mobile banking, digital wallets, or automatic deductions."
Can I repay my digital loan early?,"Most lenders allow early repayment without penalties, and some may offer discounts for early settlement."
What happens if I miss a digital loan repayment?,"Missing repayments can lead to late fees, increased interest rates, and negative impacts on credit scores."
How can I file a complaint against a digital lender?,"Borrowers can file complaints with the National Bank of Cambodia or other relevant authorities."
What are the benefits of digital lending?,"Benefits include convenience, faster loan processing, wider access to credit, and reduced paperwork compared to traditional loans."
What are the disadvantages of digital lending?,"Disadvantages include higher interest rates, potential fraud risks, and limited recourse in case of disputes."
How can I protect my data when applying for digital loans?,"Borrowers should use secure platforms, avoid sharing sensitive information, and read privacy policies carefully."
What should I do if I suspect fraud in a digital loan offer?,"Report suspected fraud to the lender, the National Bank of Cambodia, or other relevant authorities."
Can I get a digital loan with a low credit score?,"Some lenders offer loans to borrowers with low credit scores, but interest rates may be higher."
What is the maximum loan amount for digital loans in Cambodia?,"Loan amounts vary by lender, but some platforms offer loans up to $10,000 or more."
How can I compare digital loan offers?,"Borrowers can compare interest rates, loan terms, fees, and customer reviews to find the best loan offer."
What are the repayment terms for digital loans?,"Repayment terms vary by lender, with options ranging from a few weeks to several months or years."
Are there any hidden fees in digital loan agreements?,"Borrowers should review loan agreements carefully to identify any hidden fees, such as processing charges or late payment penalties."
Can I apply for a digital loan without a bank account?,"Some lenders offer loans directly to mobile wallets, allowing borrowers without bank accounts to access digital lending services."
What is the minimum age requirement for digital loan applicants?,"Applicants must typically be at least 18 years old to qualify for digital loans in Cambodia."
How can I improve my chances of digital loan approval?,"Improving credit scores, providing accurate information, and meeting lender requirements can increase approval chances."
What should I do if I can't repay my digital loan on time?,"Contact the lender immediately to discuss repayment options, such as restructuring the loan or extending the repayment period."
Can I use a digital loan for any purpose?,"Most digital loans can be used for various purposes, such as emergencies, education, business, or personal expenses."
What is the interest calculation method for digital loans?,"Interest may be calculated using flat rates, reducing balances, or other methods, depending on the lender's policies."
How can I avoid falling into a debt trap with digital loans?,"Borrowers should borrow responsibly, avoid taking multiple loans, and ensure they can repay the borrowed amount on time."
What are the consequences of defaulting on a digital loan?,"Defaulting on a loan can lead to legal action, debt collection, and negative impacts on credit scores, making it harder to access credit in the future."
What are the eligibility criteria for digital loans?,"Eligibility criteria typically include age, income, credit score, and other factors determined by the lender."
Can I apply for a digital loan online?,"Yes, most digital lenders offer online application processes, allowing borrowers to apply for loans from anywhere with an internet connection."
How can I contact customer support for digital lending services?,"Borrowers can contact customer support through phone, email, live chat, or in-person at the lender's office."
What documents are required for a digital loan application?,"Documents may include a valid ID, proof of income, bank statements, and other documents requested by the lender."
What is the loan tenure for digital loans?,"Loan tenures vary by lender, with options ranging from a few weeks to several years, depending on the loan amount and borrower's profile."
Can I get a digital loan without a credit check?,"Some lenders offer loans without credit checks, but these loans may have higher interest rates or stricter eligibility criteria."
How can I check my digital loan application status?,"Borrowers can check their application status online, through mobile apps, or by contacting the lender's customer support."
What is the processing time for digital loan applications?,"Processing times vary by lender, with some platforms offering instant approvals and disbursements, while others may take a few days to process applications."
What is the maximum interest rate for digital loans in Cambodia?,"The maximum interest rate for digital loans in Cambodia is capped at 18% per annum, as regulated by the National Bank of Cambodia."
How can I verify the legitimacy of a digital lending platform?,"Borrowers should check the lender's license with the National Bank of Cambodia, read user reviews, and verify the platform's security measures."
Can I apply for a digital loan with a low income?,"Some lenders offer loans to borrowers with low incomes, but eligibility criteria may vary, and interest rates may be higher for high-risk borrowers."
What is the loan approval rate for digital loans?,"Loan approval rates vary by lender and borrower profile, with some platforms offering high approval rates for eligible applicants."
How can I repay my digital loan offline?,"Borrowers can visit the lender's office or partner locations to make offline repayments, depending on the lender's policies."
What is the loan disbursement process for digital loans?,"Loan amounts are typically disbursed directly to a borrower's bank account or mobile wallet, depending on the lender's disbursement methods."